legs,total_height,radius_bottom,radius_top,n_layers,brace0,brace1,brace2,brace3,brace4,layer_height0,layer_height1,layer_height2,layer_height3
4,38.55410355873741,17.271210340139305,7.704028437545676,4,X,X,NONE,NONE,NONE,0.4974282733219456,0.6459304091497551,1.0131222403750157,1.0044704096181714
4,59.91801706501566,26.597761980492976,8.596860828226578,4,X,X,X,NONE,NONE,0.2879885992499592,0.7139130454153126,1.0634465816947187,0.9908531161844187
4,30.263616851822587,20.883249742596348,7.085942214135994,5,X,X,X,NONE,NONE,0.2334130893710966,0.7213135663838952,0.8007927817618365,1.0079306317320225
4,57.61265930035873,16.502095074588695,11.94747710226046,4,X,X,X,NONE,NONE,0.5206259255732621,0.722404814637097,0.8822787668833005,1.0076679235517298
3,50.38246612403565,11.249348947518193,9.650944138061162,4,X,X,NONE,NONE,NONE,0.6147017286846904,0.6681889177324677,0.869215990412208,1.0033318794615278
4,72.28585200286446,19.14752747729615,7.563633297722004,4,X,X,X,NONE,NONE,0.24693157528464416,0.9397134990862638,0.7518884259429749,0.9920395751082053
3,85.89215219657864,22.260898550401198,7.100794693380749,3,X,X,X,NONE,NONE,0.38003661772842146,0.7958133624443211,1.1859925511363663,1.0033944781851065
4,46.33285925018967,22.30856603550999,9.604395951700546,3,X,X,NONE,NONE,NONE,0.5718830960498746,0.8453266785216563,1.0243483820902686,1.0369214595488052
4,86.19559369350588,19.781943256579286,11.93932687709998,5,X,X,X,X,NONE,0.20508594718222284,0.4115548582071801,0.9151709191620679,0.9902281670931786
4,49.22116478919986,14.710849738506637,7.7084804340068445,3,X,X,NONE,NONE,NONE,0.2794536068514828,0.729933972090301,1.0406369684166328,1.0150302799512305
3,68.4925530457582,17.52260482808053,12.038556628511495,4,X,X,X,NONE,NONE,0.4635481194657719,0.7763299789108186,1.1281735971641849,1.0108167065623046
4,40.94399446154501,18.13313581917114,9.404990825224221,5,X,X,X,NONE,NONE,0.23859815046431118,0.5187012195822328,1.0218871269962209,1.0191608601807103
4,77.95057602866851,7.897952060878511,11.399149943748672,3,X,X,NONE,NONE,NONE,0.7102698433685352,0.9468328511369793,1.0918906820677974,0.9743848255584349
3,40.297336825385194,17.942054077877298,10.139905970671844,3,X,X,NONE,NONE,NONE,0.44041872157303125,0.9227038498511864,0.7765902431549246,0.9983227140148889
4,70.45637791483587,16.199674797872213,6.083442479744145,5,X,X,X,X,NONE,0.2214451967927864,0.5502862445769756,0.5465368687452437,1.0027983345697538
4,20.728552004350416,21.919366071389234,10.594517169176559,4,X,X,X,NONE,NONE,0.5967348897157427,0.7076410627398165,1.0433409460634926,1.0032631043890163
4,82.05741296954051,11.470067557804441,10.583294207177111,5,X,X,X,X,NONE,0.38023137468163476,0.1408616616924767,0.7810935845461776,0.992699133003779
3,41.50539948488244,24.180081749600046,14.656795417043242,4,X,X,X,NONE,NONE,0.24704499497865526,0.8242991295626748,0.8965622517215922,1.0117226430080564
4,38.28587650480481,19.415102935258883,7.912162788383038,4,X,X,X,X,NONE,0.49195364643470535,0.7585069206367764,1.0949393082783823,1.0265298607316276
3,46.90295137598343,15.209864459487823,8.845314260837638,3,X,X,NONE,NONE,NONE,0.5806711232654617,1.1257470876443545,1.0178923831884072,0.9992607288133513
4,34.836412460461815,23.384065023827546,17.68321487539409,4,X,X,X,NONE,NONE,0.37057165944763354,0.5871029449989662,0.9318915007955841,1.0082632783244407
4,89.00384638639976,11.76917852676281,13.233404949337356,5,X,X,X,X,NONE,0.3781373689850289,0.6360703617756793,1.0164693824338646,0.9984006777482827
4,53.852440879933845,15.269187991450433,5.564198547209976,5,X,X,X,X,NONE,0.1510436321670873,0.6088258696928748,0.8587887735796635,0.9681692450770853
4,50.57092488385964,12.82821436536635,12.401729707677669,4,X,X,X,NONE,NONE,0.6288099525461254,0.5924337497362596,0.954498981217019,1.0178322031406482
4,41.259731023832714,21.865429850272317,5.575837763204064,4,X,X,X,NONE,NONE,0.3393738165398646,0.6951678205817037,1.0806155470658376,0.9856853288864913
4,76.84986239576503,16.324935410347614,12.391483667599827,5,X,X,X,X,NONE,0.3781388317727825,0.5451929234319329,0.8831696981877485,1.0254577462570982
4,42.6779185115103,27.777782108541565,8.203070427748724,4,X,X,X,NONE,NONE,0.27460503891979504,0.6661174894051168,1.2096040383243274,1.0034133728468102
4,29.688322008726026,24.651292225968515,13.369443895961794,4,X,X,X,NONE,NONE,0.34303919823361706,0.5475431744960232,1.0898899359869316,1.0128384031612527
4,30.42475265306527,23.41500619101475,14.906628171231345,4,X,X,X,NONE,NONE,0.13068882133726303,0.7902354251393958,1.0491380114134292,0.975871307746089
3,76.81628665160122,25.257256637182916,5.681433368701288,4,X,X,X,NONE,NONE,0.2515118573151113,0.4342516207895223,0.8736662522781041,0.9929034614996101
4,9.876475217422765,21.61457523885252,8.816621526063521,4,X,X,X,NONE,NONE,0.38015310117235684,0.7677824437325513,0.971660301488427,0.9843451209250506
4,69.64528965433182,12.778836492606574,8.097531873911404,5,X,X,X,X,NONE,0.3486546581397904,0.3369876202510316,0.876867533357899,1.0033431495600873
4,33.42510541394712,25.40849415508386,6.215022945383229,4,X,X,X,NONE,NONE,0.267729567415032,0.5382989914474602,1.0476469506633115,0.9526402737522888
3,63.60101083356835,14.11482737651356,6.508715657972586,5,X,X,X,X,NONE,0.37997825793716283,0.5105868440611603,0.8537224661121654,0.980710077206642
4,35.51634206970468,20.201390866895668,8.782488956994948,3,X,X,X,NONE,NONE,0.5393568393457485,0.7687925813835421,1.2428235290657181,0.9972527484132075
3,58.682268583603175,12.071604070192791,9.967173341780564,4,X,X,X,NONE,NONE,0.3031629905340272,0.35957185778529516,1.009284972023146,0.95640364044908
4,71.7479651279468,14.620199601727386,11.491855422116465,4,X,X,X,NONE,NONE,0.5197594707364624,0.6688847910563485,0.8975508874706865,0.9835668831867563
4,85.94937033756963,12.876718698191915,9.305920354566402,5,X,X,X,X,NONE,0.26872623451615296,0.11633578588401139,0.7893116099171201,1.002826826713594
3,46.162590189713875,22.482747510707476,13.72275197571598,3,X,X,X,NONE,NONE,0.46778383051992356,0.8590118092226716,0.9491845662800417,1.0281821813538157
4,49.5869910004435,9.55131296707694,10.41319787530392,4,X,X,X,NONE,NONE,0.36624764026549306,0.5260110126990301,0.9617825322612743,0.9915842804568701
3,63.3743262402986,23.655797081752386,11.635521487528178,4,X,X,X,NONE,NONE,0.31787805126394947,0.7969956051537312,0.9598138651599011,0.9811400707765633
4,45.637094240010896,17.52707482163118,8.634681783860184,4,X,X,NONE,NONE,NONE,0.3176964923814012,0.6110472470383895,0.9360975392053444,0.955097625592285
4,25.30836101918226,19.182613301999165,10.233697879497988,3,X,X,NONE,NONE,NONE,0.6863302409003473,0.9459480810053483,0.9775463130410684,1.0060545222429884
4,53.06751697105963,16.92625567180659,9.028788790594875,4,X,X,X,NONE,NONE,0.18529929816176136,0.8934803926836306,1.0176838997054678,1.0093196029589964
3,61.55498304587717,20.02334476303794,11.06162820990439,4,X,X,X,NONE,NONE,0.4040644529413205,0.8596630329899727,1.0594137606899803,0.9917932865440778
3,61.477341840209874,24.041518085180403,12.485155218306728,4,X,X,X,NONE,NONE,0.28004552622912715,0.8092015366410082,1.0311893133102132,0.9669878421100163
4,58.904837026997136,19.408232426250184,10.905781828689559,4,X,X,X,NONE,NONE,0.3951664231912954,0.7638639050951267,0.9160969670677639,0.9907905247739116
4,68.55842660957381,20.111994402864863,8.750020916742406,5,X,X,X,X,NONE,-0.023409738240151884,0.7101158097932564,0.8111654828855852,1.0412773843010144
4,54.20252775790422,12.282144376678914,10.587825404488363,5,X,X,X,X,NONE,0.22093543581556324,0.617930045147261,0.7685845665225428,1.006242659467961
4,56.969211204000814,20.130162320593634,7.918097120431206,4,X,X,X,NONE,NONE,0.46206466417642617,0.8702645637653788,0.9959563101252366,0.9998740451608851
4,69.46202533231813,16.922781726246715,8.33393405596236,4,X,X,X,NONE,NONE,0.44935203844209715,0.33481052653389387,1.0504946225416558,1.006219324959682
4,48.65443120823965,13.742717601241598,10.33029336676121,3,X,X,NONE,NONE,NONE,0.7825687676016652,0.8448742636529822,0.9990223670525947,0.9851456628351791
4,33.386281614047014,22.659166774002912,15.421917202335608,5,X,X,X,X,NONE,0.34059101286033905,0.71006823823279,0.821206132124865,1.0032695011448296
4,67.02821772576867,18.913600034862196,4.834387941706673,3,X,X,X,NONE,NONE,0.5397217199232647,0.6855377321625776,1.216599351815233,1.0067453089846907
4,70.0194330344416,20.868111950490643,7.336815393589567,4,X,X,X,NONE,NONE,0.2564828139647506,0.4734569168018978,1.1088698514708188,0.9727699395521469
3,33.697115926306154,20.422747850508998,7.4147779924837875,4,X,X,X,NONE,NONE,0.2847978453583029,1.1144479109401833,1.0982935262410545,1.02317070991244
4,47.821698946197166,22.77159856765362,8.788867281038225,3,X,X,NONE,NONE,NONE,0.4031239006538652,0.7878833165447404,1.0342442569676722,0.9672354037899298
3,43.419395496228965,14.726463092582073,7.6104038053667145,5,X,X,X,NONE,NONE,0.17946896451316735,0.535613793597281,0.7770597311063474,1.0205927569484512
4,56.690447525720444,23.931851025921393,5.930557988907611,5,X,X,X,NONE,NONE,0.4761938822625747,0.7064326836682757,0.8550997625470589,1.0150962832867187
3,60.82261104362302,17.50667991979621,7.856926068039624,4,X,X,X,NONE,NONE,0.38995342434206853,0.7546976796373914,1.097234373574525,0.9901921915546119
3,81.84101122441407,13.501177482438115,15.749549966854262,5,X,X,X,X,NONE,0.4810356041652017,0.5764928026216508,0.5028605959664076,0.9949167199689791
4,80.11827263387072,16.056536572983788,6.803783107656926,5,X,X,X,X,NONE,0.31655769042262427,0.6524151402552408,0.7503320744913637,1.0123289557495259
3,68.51904699116952,17.080871434748232,9.928968891345372,4,X,X,X,NONE,NONE,0.3711886941750186,0.8366148645838631,0.8934939923458463,0.9820704562209724
4,88.84295356958548,18.834247431814024,8.871664943832165,5,X,X,X,X,NONE,0.11654932315475568,0.6914304666165865,0.8707861639554282,0.9894901877427413
4,74.77584846627022,14.07104913662505,9.048797468765464,5,X,X,X,X,NONE,0.16788266018048273,0.628693412514552,0.658140871309543,0.993405526849421
3,69.66861421820735,16.755840717971815,3.887528285481129,5,X,X,X,X,NONE,0.039245765749186465,0.420006773293666,0.638643168655144,0.9675143394621756
3,52.563336405403305,23.4599335251047,2.144322996259516,4,X,X,X,NONE,NONE,0.33169673234789065,0.8730665891612263,0.8703871697380644,1.0125068366195096
4,56.48660122752021,18.624307858784977,8.235441886408514,4,X,X,X,NONE,NONE,0.47498890486076584,0.6942332695332221,0.9768307956078257,1.01913208392373
4,63.959780557362805,17.24517424426922,8.120157027853312,4,X,X,X,NONE,NONE,0.2205272015796095,0.7544390059429428,0.9970334335652878,0.9792506913758923
4,37.100193453796074,20.89242792572439,8.035999365326926,4,X,X,X,NONE,NONE,0.25401701942157867,0.7588746000875657,0.8532608749946431,0.9692357334038458
4,47.12662032768723,15.393497408157122,8.356885682184874,4,X,X,X,NONE,NONE,0.5392501308432012,0.9216821672304166,0.9423743630513363,0.9989663834738771
4,32.664345259149925,19.069357865160267,7.241940704736741,4,X,X,X,NONE,NONE,0.4112012565437548,1.0485082865897268,0.9965266903328656,1.020452471770766
4,67.76404842954157,24.788790951836877,13.467797990200525,5,K,X,X,X,NONE,0.23286083126171642,0.5823503266961055,0.762873745752375,1.0249881980647204
3,50.57567960211005,17.096803715914756,8.366166977597759,5,X,X,X,NONE,NONE,0.3422998255038346,0.507125811170226,0.9305995656484866,1.0141148347909845
4,84.21336085691237,21.142664759367577,12.378347936921992,4,X,X,X,NONE,NONE,0.32259722072787195,0.6692075840048082,0.8446777279140703,1.0322282222652994
4,49.621458855572385,28.01877533407226,8.386417760242193,4,X,X,X,NONE,NONE,0.6081880215886301,1.0830128310438747,0.8294683238350091,0.9766595193011025
3,38.892694576291156,26.28762901611603,8.52603330358966,3,X,X,X,NONE,NONE,0.5150256845623701,0.6371552903175096,0.9967441673469112,0.9905503970392691
4,70.42790611268461,14.987048083956854,14.160109181530846,5,X,X,X,X,NONE,0.38815404092021,0.43701332433666124,0.7001558923967824,1.0327714304668687
3,54.426929081520576,18.897234134297953,4.873361122666576,3,X,X,NONE,NONE,NONE,0.5693986024646617,0.9273856372156017,1.0894169056049372,1.0039996060748484
4,76.07845962275367,23.27357003286339,7.347008615474106,5,K,X,X,X,NONE,0.2672791022880227,0.3066235025344216,0.7159896819262999,1.0054272308114416
4,55.95691850253657,24.814287656862778,13.118814418128416,5,X,X,X,X,NONE,0.5152405887554821,0.41626815382283355,0.970874814137476,1.00359386231493
4,93.09833971642495,20.598653921259544,12.128371556086401,5,X,X,X,X,NONE,0.295650352944903,0.5299618354096305,0.837733655081104,1.0208497173159214
4,92.2226417196405,17.94345317026895,9.533522589047022,4,X,X,X,NONE,NONE,0.34071051547636366,0.9205011998642972,0.859702704167169,0.9906149712753161
4,47.68301171102983,23.349180867886197,8.00763379306964,4,X,X,X,NONE,NONE,0.4243741813696692,0.9987398972783421,0.938735501609187,1.0083854538994916
3,72.54116160059122,15.131889251210318,11.208634049822015,4,X,X,X,NONE,NONE,0.49307867873651245,0.6303763179527759,0.9097071947682336,0.998854593728038
4,78.2960062941363,17.51324914111586,7.0508121268852655,4,X,X,X,NONE,NONE,0.49191014171269354,0.5783062681629009,1.0495448020621159,0.9947705419930108
4,29.077439847576912,8.168233581153483,11.068185597941728,3,X,X,NONE,NONE,NONE,0.5120050981165567,0.7590558825331891,1.177721466705403,0.9867229400055904
4,57.03856610145228,15.654148984236711,13.230558705263615,4,X,X,X,NONE,NONE,0.6085117006836096,0.5874012354807756,0.9334187404702293,0.9737502611767449
4,36.64131435438033,13.516712488241462,6.6212631679813825,5,X,X,X,X,NONE,0.2412660797135997,0.6506191533643686,0.8912658789884563,1.0007658160063662
4,47.425815119084675,18.952607387810765,11.338643092933404,4,X,X,X,NONE,NONE,0.07799196873796363,0.6462611721416011,1.073263977227409,1.0152085450103971
3,69.13665935268001,22.34195021765204,11.143178373791473,4,X,X,X,NONE,NONE,0.31430583385927696,0.8424311674624336,1.2055623194193565,1.0049298073484012
4,64.65111730363239,16.67782426429724,9.584495574051708,5,X,X,X,X,NONE,0.183825268450904,0.6607480372230888,0.8428897621326564,0.9571499121855158
4,62.717140051584,21.250389995649726,7.329780037565924,5,X,X,X,X,NONE,0.45642251540099,0.5323089493056271,0.6927970350862817,1.0000790459014475
4,60.052239515818364,16.77995764895675,7.635048463971702,4,X,X,X,NONE,NONE,0.36281827590766325,0.6712950243995234,0.8826460670061661,1.0240930277978237
4,45.97014317064582,18.790840400980287,11.338825532630503,4,X,X,X,NONE,NONE,0.5047006787839372,0.7805591644173463,1.1046968514270203,0.9796230758227771
4,51.910142761025796,16.648503892447195,9.484606384963296,3,X,X,NONE,NONE,NONE,0.2742064473799332,0.7913903321827975,1.118827332343081,0.9985313630529379
4,27.031141956447932,15.768186823568891,10.032544650917076,4,X,X,NONE,NONE,NONE,0.5062248026514435,1.0343385794590523,0.8698530561327956,0.9861375493061554
4,58.810425843708686,23.908862581485828,8.99767425816072,4,X,X,X,NONE,NONE,0.3224783239382482,0.98584157005196,0.9819782967664483,1.0098529238020462
3,38.98547338034613,19.0144780678179,11.964931351133401,4,X,X,NONE,NONE,NONE,0.5885985566810605,0.8492749636678536,0.8562707904479739,0.9995750918653643
4,31.376084379167594,20.851044109885798,10.334839963471778,4,X,X,X,NONE,NONE,0.6494098265504666,0.8140448166582358,1.071987818139067,0.9964050460289209
4,22.335990643557626,17.387240903312723,13.433907282607429,3,X,X,NONE,NONE,NONE,0.6218634474030821,0.9464949884476396,1.1056327780027202,0.9936811425924484
4,61.74883583187149,19.057201007097017,4.282487421422592,4,X,X,X,NONE,NONE,0.35403996645140073,0.7930008778103077,1.1259900570031791,1.0031775451074587
3,20.172135752781756,22.120693685829153,7.5215825370554565,3,X,X,NONE,NONE,NONE,0.40195003246943706,1.1307005791690967,0.9450781777141648,1.0353535788616826
4,38.244032420488224,16.63006325483596,9.070118081751058,5,X,X,X,X,NONE,0.17917923490934412,0.6499675897013241,0.7134975317559891,0.9841903305599974
4,42.91592242335025,18.70742050949569,16.122119672046445,4,X,X,X,NONE,NONE,0.38610285116399995,0.42982827594212963,1.0829512117556241,1.011502824123101
4,25.398908985343734,18.112090337049835,7.349011173770678,5,X,X,NONE,NONE,NONE,0.24964555564138197,0.7874812837048187,0.9354047435135261,1.0091818189929465
3,65.46283004078198,24.059944491234045,7.7016836614349025,5,X,X,X,NONE,NONE,0.19629989338038661,0.628232113005016,0.8888291605047437,1.0316190485503633
4,63.03384733414072,19.215597466968834,9.664188816146938,5,X,X,X,NONE,NONE,0.38931889599883207,1.0226195219804626,0.9409349720151517,0.9776705546070598
4,51.42094832562448,18.856482912319567,7.917385113403971,4,X,X,X,NONE,NONE,0.3655465253798775,0.5875659056262303,1.048319668424713,1.0079583923725464
4,49.97678176006867,21.670219440797936,8.124371109196469,4,X,X,X,NONE,NONE,0.5415988266111565,0.6836634597576724,1.0112226703386096,1.0061619461635836
4,83.58121698335987,11.294026088809012,11.255526934747525,4,X,X,X,NONE,NONE,0.37741744816531236,0.707057105770563,0.9989431513588038,1.0134440368164974
4,57.047436323393605,22.921207752176265,13.896255262325953,4,X,X,X,NONE,NONE,0.30475572243321775,0.8806360174836125,1.0467740099596015,0.9736227931236046
4,60.83353590469256,19.767327257289093,9.014654383324121,5,X,X,X,X,NONE,0.09979270196382617,0.6211471420406355,0.8305452750845743,1.008475503206595
4,66.84851658459833,30.224446260750657,13.840082367349014,4,X,X,X,NONE,NONE,0.3178720090890022,0.8996540890781932,0.8945237204483165,1.0063171250997345
3,70.35621557795567,12.777649929679205,10.769584050934293,3,X,X,NONE,NONE,NONE,0.490834833059229,1.1434035028280116,0.8815008934482219,1.0052858243274099
3,38.57278677190945,14.963249256210599,8.701348936849095,3,X,X,NONE,NONE,NONE,0.7058455014109921,1.2590635370481065,0.9578017647335603,1.019597082432336
4,8.639552830754132,14.399044626943494,8.54942510992532,3,X,X,NONE,NONE,NONE,0.566097005780501,1.1155607497946867,1.0588842525634656,0.9751082737379015
4,76.29486667095921,19.682341627273665,11.776342233110999,5,X,X,X,X,NONE,0.30278259174792366,0.18439771106252728,0.8024584711430031,1.007405471420086
4,48.52946053181298,16.795757882357137,8.179088546719331,3,X,X,X,NONE,NONE,0.39528591286057313,0.7416870899399687,0.9701128338648666,0.9921049049339222
4,65.736573489228,21.4767282785058,9.398672145193364,4,X,X,X,NONE,NONE,0.30533036484512965,0.9826246767671504,1.1492081162712815,1.0080351643177794
4,66.69771701559138,15.463545565297764,6.849066533509857,4,X,X,X,NONE,NONE,0.46400783167477994,0.734320170270294,0.9365768942020957,0.9699794787788332
3,53.614511723446356,23.248726945441227,11.18229310517637,4,X,X,X,NONE,NONE,0.2562103466150051,0.6908092747194035,0.9486797496421172,1.0036344131377868
3,54.572172719880875,19.953569733324898,7.8034130543159215,4,X,X,X,NONE,NONE,0.45535947029441076,1.0095471236798053,0.9674478522849858,0.9988310743610264
4,51.31578359799058,21.780016345812992,10.038125386502097,5,X,X,X,NONE,NONE,0.27949408553626,0.8606737941082669,0.9297975647855934,0.9857187068377269
4,34.89319192274329,13.330195182577354,7.5280722475753405,4,X,X,NONE,NONE,NONE,0.4264534993083907,0.8466016133434979,1.064973876073236,1.0006188382437105
4,20.939213882927746,9.675873032100862,10.497799896465228,4,X,X,X,NONE,NONE,0.4315501801755189,0.9669510980768639,0.9331003174837027,1.0001391188415145
4,52.93064493542116,20.43674714565438,14.412981137407108,3,X,X,X,NONE,NONE,0.21988880508622707,0.787720052262641,1.1298013093820731,1.0169276556518176
3,23.41614134995713,15.349851790121427,5.276299297014873,4,X,X,X,NONE,NONE,0.4383314620550586,0.6541701353642707,0.8465345901715178,1.0301852922149477
4,62.30047498322814,18.45555807587206,12.57197079847732,3,X,X,NONE,NONE,NONE,0.5782281523236384,1.0265582422810722,0.7775918515405045,1.00686334292268
4,61.61560368260742,16.244820254193733,7.244927605442856,5,X,X,X,X,NONE,0.09911770757215023,0.4378214844385793,0.5984484508647365,0.9566008713095153
3,40.6726816287706,25.0172550504964,11.193396059022332,3,X,X,NONE,NONE,NONE,0.4945665284539433,0.7116976015043261,1.088101180777114,1.0051436969240943
4,93.71303124411371,22.550269874975495,11.968847623241912,4,X,X,X,NONE,NONE,0.4028268798643446,0.5138011973703565,0.7873947991702983,0.9781353740238241
4,62.01107847545543,16.19963471568847,9.810031657553271,4,X,X,X,NONE,NONE,0.2493533140444891,0.9562027678698384,1.0808421016738563,1.0038522354805741
4,73.7531533545596,19.244172988248202,1.2257474017227914,4,X,X,X,NONE,NONE,0.2966263080175919,0.953772711007619,1.075725071730348,0.9696173279369175
4,50.54266124304011,21.244991525896076,9.438426065513,5,X,X,X,X,NONE,0.3559416152098186,0.4734454282037633,0.7081142577665933,1.011245932117688
4,69.73264197020217,16.724299258795806,11.769802385489298,5,X,X,X,X,NONE,0.42594506820850225,0.4412041005809796,0.8883921771029217,0.9842836626855233
4,65.88939692578575,16.388060749584877,12.3799678667734,5,X,X,X,X,NONE,0.29686146823996074,0.5411583743444204,0.8391847605673937,0.9688942607513362
4,53.12587967774411,23.235718304298985,14.671798833520807,5,X,X,X,NONE,NONE,0.3966943608953451,0.6998266761388736,1.120364065295567,1.0019323427964437
4,62.02484225338889,18.421566961219412,6.377664025508663,5,X,X,X,X,NONE,0.4776870240892114,0.46866901211110407,0.6730613565532416,1.0176009044753793
4,51.78832194513129,20.965782331487304,8.479123715293959,4,X,X,X,NONE,NONE,0.43351899641808966,0.9667687490228737,0.9851651050193486,0.9870512351411921
4,26.129231434199493,23.051434526246403,7.15090576093447,4,X,X,X,NONE,NONE,0.39617837086991714,0.8575497599370041,0.9720549636652509,0.9984225245435994
4,73.75050772794275,18.940101003566294,4.682682563902575,5,X,X,X,X,NONE,0.12352095075577085,0.648043548701615,0.99584335618809,0.9938143831214384
4,78.37728062038295,18.344352178877827,4.335708117750116,5,X,X,X,X,NONE,0.4602051378571114,0.5219346726291894,1.0257371510822502,0.997497169885689
4,55.37477547136916,20.81112449107925,7.724896048728177,4,X,X,X,NONE,NONE,0.3914421898767735,0.6936161798437076,0.9775066484799683,1.0219341362082952
4,54.326760209953235,10.812431398664538,4.1782027891441045,3,X,X,NONE,NONE,NONE,0.6078387021230309,1.082526614270657,1.1267923436516347,0.9991325507580965
3,71.79610202984222,16.80836040732844,7.101032819907959,4,X,X,X,NONE,NONE,0.40206433022262894,0.7567242331591615,0.893791837483345,0.9921159380183395
4,57.84023770280797,19.17236810907066,9.012470915820439,5,X,X,X,X,NONE,0.16165312940056162,0.4519130940772282,0.6722533851921179,0.9691185326136698
4,68.85177626884408,15.625516435795289,8.551145901069555,4,X,X,X,NONE,NONE,0.39283297024853064,1.119242025834203,0.9274710669095139,1.0237583889715658
4,73.90302864838421,16.339393573538548,9.399918070823063,5,X,X,X,NONE,NONE,0.3266531766106104,0.6287462625881232,1.0845896628498697,0.9898375605567225
4,63.885429299052284,18.606342603954296,12.78025111606566,5,X,X,X,NONE,NONE,0.27278231801017805,0.5883709384813434,1.11169474460669,1.0009788006899134
4,40.58363935721517,13.304237146775595,6.5945536282043316,5,X,X,X,X,NONE,0.3537929624760454,0.7783619202649296,0.7860670343743303,0.9756952918390533
3,56.587744171501875,16.459340744783205,6.0491462248003085,3,X,X,NONE,NONE,NONE,0.46421132618493904,1.234148973844211,1.0479754162008266,0.9699727783148474
4,56.20446025459203,24.28767371405524,8.518195924031343,5,X,X,X,X,NONE,0.33091042928346526,0.6815984328411724,1.0454214866768878,0.9913437279815646
4,60.00358268715098,11.393315267413763,9.23584821907154,4,X,X,X,NONE,NONE,0.27520933382534185,0.6274315077573549,0.907948045303126,1.0031566392872446
4,47.25010077306878,19.23067667973577,5.958233671937254,5,X,X,X,NONE,NONE,0.48180137353129887,0.6277990087007228,0.8434518786983521,1.0089011641257402
3,47.97863011646314,17.689124787891267,6.4534110234020945,5,X,X,X,X,NONE,0.29287198117128654,0.7017923395013125,0.5739222058924128,0.9599726746567899
4,71.87769743217034,23.2327807272844,7.483789364855827,4,X,X,X,NONE,NONE,0.3569643849135009,0.4445136866456631,0.938650811980002,1.0118424263648398
4,79.41555277558952,18.41970358555745,7.397759676540542,4,X,X,X,NONE,NONE,0.5359188168397161,0.7691280415601517,1.1783710512108272,0.9820477959800834
3,37.13730025847762,25.90361862268206,7.758064068650265,3,X,X,X,NONE,NONE,0.4787413433347,0.7513258191634451,0.8629043644006363,1.0206157933208984
4,14.952313961328993,16.925263269676613,3.2246996057403896,3,X,NONE,NONE,NONE,NONE,0.7870092811200712,1.1282286983928562,0.8213206133560386,1.0192622502870663
4,44.86364303726634,11.383746576944809,13.26445620039313,4,X,X,X,NONE,NONE,0.10182558586428082,0.46328661890854334,1.1264454830582882,0.9736187040388319
3,51.598298198382366,18.274876982284322,7.714420843749831,4,X,X,X,NONE,NONE,0.5353354388025405,0.8553824777821073,0.9893596750542344,1.0122332252697623
4,53.77285121707718,17.705085739746092,9.832041915269494,4,X,X,X,NONE,NONE,0.2545520085251904,0.7334424441092293,0.9985831503880832,0.9714978776440043
3,37.24517123257511,20.723436041258708,7.102112755954488,4,X,X,NONE,NONE,NONE,0.3554235842062091,0.7207743144595087,1.1216940768457304,1.0159879731283301
4,42.05396845306708,21.465032646985133,8.491348283401898,5,X,X,X,NONE,NONE,0.49162238047999557,0.6083785464046252,1.0671564042954647,0.9992253446279472
3,49.48463472446781,19.221536474542717,8.297441626202419,4,X,X,X,NONE,NONE,0.617419603426621,0.7916572126936103,1.0319846235241643,0.9804746766164774
4,56.22199388882527,18.572728231923737,8.356780040110785,4,X,X,X,NONE,NONE,0.35578584576344335,0.5556412093235683,1.0602521450639282,1.021431198906297
3,30.207649260496225,17.081042214860485,11.476509358344552,3,X,X,NONE,NONE,NONE,0.807642534181648,0.9460472164301591,1.033471006571453,1.0162831204214322
4,51.77898147702985,14.868769942549575,8.056669394385837,5,X,X,X,X,NONE,0.26412580483881953,0.2174006905562397,0.7732133939000548,0.9952787011980637
4,52.40975999239073,22.634636836620793,7.274039229120163,4,X,X,X,NONE,NONE,0.2646336373443093,0.5315635299140425,1.0017383002460718,0.9993074341808282
4,59.93551744782882,22.54442309189859,11.169269820645377,4,X,X,X,NONE,NONE,0.5052862484055662,0.8437365532118023,0.8261125447923112,1.0107766596171277
4,74.26168870720294,18.138928125794823,6.755069713067123,4,X,X,NONE,NONE,NONE,0.4642127301442824,0.6269536518076456,0.9766393541110646,1.0199579663154443
4,58.26059010318474,21.439200312076274,8.779722806050776,4,X,X,X,NONE,NONE,0.3487259754047324,0.5822708819961931,0.8592613402413597,0.9908065154280237
4,72.36318341363409,15.91842622491564,10.671254096071813,5,K,X,X,X,NONE,0.23063337757050714,0.3537696125548176,0.8796069098532597,0.9944204332391748
4,75.13282666598231,17.72065306138786,9.556098258929653,5,X,X,X,X,NONE,0.2660200581921469,0.7883545244951029,0.9334277029856612,1.0015739873151788
4,89.6200652517569,17.23156422951616,9.911157868856177,5,X,X,X,X,NONE,0.255497393716167,0.31701739669348866,0.6174937131116003,1.031908819426908
4,66.29047454684394,11.932192482316184,12.985069966917694,5,K,X,X,X,NONE,0.3672517216580578,0.5607205830622874,0.6985832761007288,1.0113766052275142
4,33.28808005127991,22.284319302309804,6.952942468512065,4,X,X,X,NONE,NONE,0.2681681175142959,0.6579482151866162,0.959335097193518,0.9825944106801621
4,48.79154540337986,25.82029192321618,8.804822213665435,5,X,X,X,X,NONE,0.5752572470676228,0.6591728821126324,0.8533441055119412,1.0164699557190826
3,74.40394367242533,18.23497886210571,9.537078556209059,4,X,X,X,NONE,NONE,0.42699715314905523,0.697985421730463,0.9232797163894951,1.0001870083259432
4,55.42894188072147,13.471242980870404,8.390209476937484,4,X,X,X,NONE,NONE,0.4098085833494858,0.872595570253027,1.0408982320530396,1.0025946375232775
4,44.43583534179374,15.095131160228386,10.764647647181025,3,X,X,NONE,NONE,NONE,0.4289423034993558,0.7217720509631612,1.2578333830290087,1.0047048824637361
3,27.08779731216553,16.779021705114417,6.19505886027599,3,X,X,NONE,NONE,NONE,0.562071274606266,1.2566457439589023,0.9221247176222959,0.9958391681972191
4,69.54467819348227,29.04317050906463,12.088820355872981,3,X,X,X,NONE,NONE,0.5530569055002341,0.7329447618385286,1.106654841455616,0.9922243039410787
4,63.028843886989925,12.285169937275544,9.890077207924358,5,X,X,X,NONE,NONE,0.46740278618194425,0.6895428540814591,0.9178504556191196,0.968376751600858
4,58.85047663776404,11.939499436798098,8.855830683396428,5,X,X,X,X,NONE,0.3279457957640165,0.5799542193000636,0.65823540441637,0.9923359494558992
3,79.83097841765324,14.95247645724955,9.368742910830841,5,X,X,X,NONE,NONE,0.36696169685891944,0.5298387777936219,0.7896779589232931,0.9730014331010501
4,76.05914942362844,21.041667930808877,13.799069996435202,4,X,X,X,NONE,NONE,0.2688901931235399,0.6495454614188234,0.8570036131992795,0.9771700235708443
4,30.673417704022977,14.957992035773374,10.937831768897604,4,X,X,X,NONE,NONE,0.30525257471830286,0.5271523750649044,1.0139347410156319,0.9773284031726739
4,30.01155506489448,14.430444524577268,6.4767147627675845,4,X,X,X,NONE,NONE,0.5545414263649675,0.5050391390874406,0.835139368951307,0.9767245894078473
3,58.05294038779129,17.052142560664826,10.299493490812415,4,X,X,X,NONE,NONE,0.3773914942391809,0.8863711693435171,1.0484743417779596,0.9909805573465476
4,58.50583843206594,17.840123627794565,8.65561297801769,3,X,X,NONE,NONE,NONE,0.38651707351409575,1.265021668956506,0.8294188477222176,0.9868676352363861
4,48.05644623433675,22.162867994882273,9.37031674313008,5,X,X,X,X,NONE,0.11590670384810607,0.6277378891641198,0.9657257436643224,1.0196027419805083
4,78.41623573830083,29.544851699045793,7.7230550769605095,4,X,X,X,NONE,NONE,0.205804076744484,0.5252659766624969,1.0295046661237883,1.0040091638351953
4,60.315549756148634,25.361152938082224,15.842559165427511,4,X,X,X,NONE,NONE,0.38388989849961597,0.8123131387626892,1.07501896206019,0.995477849457063
3,61.1053463562753,9.914848452955514,11.146509319177737,5,K,X,X,X,NONE,0.12619929116724748,0.9015756087856726,0.975018641809366,1.0172653629401094
3,33.67289245199567,20.28256950263819,14.622258289927181,4,X,X,X,NONE,NONE,0.4003753234584122,0.5929582907413464,0.9894801003585144,0.9966548406488787
4,73.59989695687634,13.80441335601277,5.40091065334581,4,X,X,X,NONE,NONE,0.5274145441104994,0.7937414445252349,0.8623813145016477,0.9906436256848882
4,66.1901971832719,20.570800398192414,12.30247465507046,4,X,X,X,NONE,NONE,0.6535360439991723,0.6748982861002805,0.8352163006471454,1.0081208134365027
3,80.70367699150903,21.728772534869936,8.03305044956934,4,X,X,X,NONE,NONE,0.37747320129832396,0.7530006781108015,0.8330133999506354,1.0063640700786975
4,83.89986724591373,14.633186213634076,6.040478785482882,4,X,X,X,NONE,NONE,0.49131030901152617,0.85916983168113,1.1343045010852193,1.010747788721425
3,26.197771128707988,15.870443283870488,5.514973933193046,4,X,X,X,NONE,NONE,0.4135871637035505,0.6723447645167573,0.8984178906665061,0.9859329612400786
3,25.00480461508807,13.585682943604802,12.697982056145575,3,X,X,NONE,NONE,NONE,0.35545397617740904,0.7178730241815973,1.0104059435960495,1.0359787449901685
4,61.382808429770996,22.1062869356305,5.234941762897702,4,X,X,NONE,NONE,NONE,0.3844044021656407,0.7254176149552863,0.9447731173469703,1.0093669425527896
4,55.10432142457863,18.36155978462425,14.664977035859918,5,X,X,X,X,NONE,0.12882153675607835,0.6058955208248746,0.7093939301108297,1.0222866415180432
4,70.73750153420741,19.497001089984767,8.935913858693022,5,X,X,X,NONE,NONE,0.11016358301874882,0.5297331092697282,0.8873456082467998,0.9811510568827904
4,58.60667880598626,21.36030435447829,8.114130444811002,5,X,X,X,X,NONE,0.14001198359691192,0.37549206525598794,0.7264854323842419,1.0124911207552632
4,30.54312037142819,23.858777305279116,9.077800396586065,4,X,X,NONE,NONE,NONE,0.5708346675048998,1.0071196838333303,0.9657619440692292,0.9905523521837447
3,70.86290882118601,13.999047801221364,10.534297839940436,5,X,X,X,X,NONE,0.1647836651746319,0.5179777352761179,0.902999124039134,1.030845312105052
4,23.049413725947947,12.668683513107553,12.388242055164978,4,X,X,X,NONE,NONE,0.30203969900343586,0.573917991911908,1.0344231664800705,1.021234480845672
4,78.89509447386612,20.94063614095432,6.99695912180138,4,X,X,X,NONE,NONE,0.42862455239567565,0.6066125731624811,1.0641892313075856,1.0075363754641002
4,64.38452199918599,17.130475180208105,10.13902430252832,3,X,X,NONE,NONE,NONE,0.5902469944907891,1.19962226799993,0.9738788199372935,1.026749914311876
4,65.24292918123128,19.697960430555238,12.678477384682486,4,X,X,X,NONE,NONE,0.35072253937782966,0.6243467768991116,0.9636485494529664,1.0045207760731776
4,11.267570284172683,9.91436334865529,10.541851781037208,3,X,NONE,NONE,NONE,NONE,0.6227513743808407,1.0524356867457183,0.8313211524346227,1.0040898165600978
4,34.02231486914221,21.892855145613204,9.905217203547023,4,X,X,X,NONE,NONE,0.5383295064838026,0.8122265154210108,0.8453351226892254,0.9893695040380887
4,72.7266972689555,20.60702805594341,10.838001061924848,5,X,X,X,NONE,NONE,0.23130022380559545,0.7416041725995355,0.7856993176886871,1.018621278554666
4,59.09377553449346,17.760674571648007,11.757945899210906,3,X,X,X,NONE,NONE,0.39864445944847315,0.52257035385987,1.1339883996385325,1.039948537618714
4,71.5192146421491,14.87826083168253,11.414279521658571,5,X,X,X,X,NONE,0.46733666130700635,0.3933320830325903,0.6584303351723801,0.9813248317739932
4,42.41880397451122,17.872288403105596,10.90117240645555,4,X,X,X,NONE,NONE,0.5627224345089314,0.44766863053188133,0.7948392862914051,0.9956177607883411
4,46.23336768798872,24.71884559263901,10.37528064099213,4,X,X,X,NONE,NONE,0.29571216063972744,0.8363046501150448,0.9050349313608334,0.9761267792449831
3,29.048594310074797,14.78683180711331,8.661672893722706,3,X,X,NONE,NONE,NONE,0.5500801963456667,1.2018481739570595,0.9112509255497755,1.0024029494959474
3,20.732115999685252,17.049111998308607,6.496847991856861,3,X,X,X,NONE,NONE,0.4936488135523665,1.1250912321380637,1.2014541892529733,0.9658855503361072
3,29.818571054612633,23.731841323173473,5.779968562073749,4,X,X,X,NONE,NONE,0.31347681743982775,0.2533222174777976,0.9397044785509494,0.9895566569254667
4,54.936085594134134,24.498177681020255,9.401243256580004,5,X,X,X,X,NONE,0.2418946409937935,0.7060756902471503,0.7724168459928833,1.0031385693748112
4,63.99731111051683,18.974638561056818,10.566032622064796,4,X,X,X,NONE,NONE,0.38960001617965134,0.5254011671132907,1.0911635509747726,0.9962218007156655
4,61.185255442276386,19.35011627263507,9.782689390709566,5,X,X,X,NONE,NONE,0.42608532727139004,0.5888217499591735,1.0975309508510283,0.9991089049286159
4,46.50007046458071,24.904705454513607,9.400109812134064,4,X,X,NONE,NONE,NONE,0.454214518149628,1.1161642055087355,0.8728133560503667,1.0039198816768933
3,39.40121512953706,14.851714842959774,10.802043312053485,5,X,X,X,X,NONE,0.1362243355907112,0.656420619949154,0.7592268024462612,0.9840968895016733
4,57.96637229786976,18.34475867149269,8.119396157646708,3,X,X,X,NONE,NONE,0.493998237161683,0.9195806801879104,0.8020950937511786,0.9959954664032941
4,35.12043832506876,11.534094974761206,3.369019513592654,3,X,X,NONE,NONE,NONE,0.5415876049716718,0.8864444868844523,1.1071444101966383,1.006147194785134
4,32.6573541178709,25.455286771536272,6.422744447745845,4,X,X,X,NONE,NONE,0.34196535898262825,0.7419772843997815,1.1097429079111576,0.9798957271956973
4,44.58859586839792,10.13785602355312,12.124498705601907,3,X,X,NONE,NONE,NONE,0.6028210108053653,1.02681883015969,0.9051334267564164,1.0119960209376635
4,31.197809597099344,21.705434849078088,9.28331541531642,4,X,X,X,NONE,NONE,0.29065429045229385,0.5804083869192853,0.8020063175718947,0.9952700969482963
3,24.570829916287455,14.997931633320675,9.801327899893057,4,X,X,NONE,NONE,NONE,0.5827491720058227,0.7912338654778518,1.1149287492172226,1.004495459815561
4,39.222465871392394,12.255838940278876,6.478599802911849,5,X,X,X,X,NONE,0.11619219622024123,0.6225306432465693,1.0278753508203275,1.00782415006221
4,50.52969150820637,25.83625546587629,10.84273721173147,4,X,X,X,NONE,NONE,0.31899337251351745,0.680050734615508,0.7948183662974557,0.9919552529846426
4,51.88550654785781,28.02153862771805,14.860732060496561,4,X,X,X,NONE,NONE,0.42124587351981174,0.7364253827032158,0.8944138000922418,0.9980896818327842
4,56.624384967867435,13.007740089348513,12.524538863449509,5,X,X,X,X,NONE,0.32864801335537663,0.6183673035802238,0.7127296042072901,0.9858062888635146
4,53.009440962332164,19.242782157474455,10.21931122806803,3,X,X,X,NONE,NONE,0.3715059333229759,0.7761439251030692,0.8046584186400851,1.0100143777189143
4,54.18461504574208,16.8509298889293,8.791599997797432,5,X,X,X,X,NONE,0.16510208860422498,0.673798871854159,0.7524837864739854,1.0044604516363735
3,43.41890174322449,28.374002436252532,8.78238850746813,4,X,X,X,NONE,NONE,0.34798172585824433,0.9092029503710121,0.8238336295130749,0.9791211845535431
4,67.79820279340105,15.441016311612941,9.585535665524702,5,K,X,X,X,NONE,0.16833884482794867,0.7303077457701124,0.7495713226832882,0.9996426091882759
3,29.921830184285316,14.226551381328875,3.480913770122084,3,X,X,X,NONE,NONE,0.36242487632192394,0.5673734136446393,0.9891929435159045,1.0327026336616707
4,87.14109381568282,13.659418242786264,10.821782356561457,4,X,X,X,NONE,NONE,0.4932682300482245,0.8239651311712313,1.0333667614099566,0.9601324756744003
4,59.1837604668387,22.500064581727628,9.294102105176604,5,X,X,X,X,NONE,0.2877186716656272,0.7982289147102059,0.671726937366284,0.9692375847997348
3,26.800534866699955,22.66451533088453,8.755866318650266,3,X,X,X,NONE,NONE,0.28220847148289757,0.8212948169983085,1.0896687756045382,0.9964129156560114
4,39.17686930506643,25.978912000691114,8.646373934659538,4,X,X,X,NONE,NONE,0.3684730734466386,0.6023904832787962,1.1113034269328226,0.9989513975326997
3,55.93758257072268,20.255797547505782,5.605892410286118,4,X,X,X,NONE,NONE,0.48960658883429437,0.9320275848489976,1.0628250460922655,0.97683526607075
3,78.7349228398646,14.604129360805683,9.814049284977761,4,X,X,X,NONE,NONE,0.5480260883823516,0.4860139401792301,0.9485240078833369,0.9883220021888389
3,90.0323410596103,21.872909863289028,7.0441228343806515,4,X,X,X,NONE,NONE,0.4578041085319829,0.3680309589680797,0.8367885806942128,0.9788342418676247
4,53.54937213246657,12.628699696938144,12.674318442285946,5,X,X,X,X,NONE,0.12801336547287043,0.17776573502067314,0.6656892911781896,1.0116892030130589
4,80.10540165772314,16.264368788575496,6.0915849497538455,5,X,X,X,X,NONE,0.07000021887266844,0.5742633157791641,0.6647637687175451,1.0030533972806537
4,61.8795503475067,17.636626024662412,9.94111177603861,4,X,X,X,NONE,NONE,0.6178547525118522,0.9127247988839177,1.0097601172912254,0.9584995549927703
4,63.29007256950096,19.141284262026414,7.080213648204389,4,X,X,X,NONE,NONE,0.3768788725660804,0.7008069773889879,1.1032937649894898,0.9961661804328371
4,61.16606629896621,14.4363786152995,9.15953033924063,5,X,X,X,X,NONE,0.19761048274595036,0.8409435190625275,0.8209787149858053,0.9663580424342595
4,96.53797470570657,8.747961484595459,4.940146388732629,4,X,X,X,NONE,NONE,0.443257256834322,0.7636500267240188,0.9711182583392273,0.9964166408573109
4,60.0375620777477,18.914877210226766,8.983201121829442,4,X,X,NONE,NONE,NONE,0.32540807044753955,1.0231103377351345,0.8725895740296723,1.023313654215786
4,35.67644609625326,22.510949756238645,10.095596389196945,4,X,X,X,NONE,NONE,0.43779338530855894,0.28805844614938286,0.8739124919743285,1.0004618928468167
4,48.31062289003856,20.045288014888953,10.290260876165217,4,X,X,X,NONE,NONE,0.18669997936975097,0.7530269636820957,0.9747817916276601,0.9910951570023349
4,47.80892485318619,17.668688273687273,7.696003964005819,3,X,X,X,NONE,NONE,0.4383918435863729,0.7256457562741083,0.9613243714234894,1.0031252918838718
3,58.526003749457814,14.941686806934277,6.33052239125804,3,X,X,NONE,NONE,NONE,0.44255193621196026,0.9397920655580145,1.2818089899849887,0.982463504376052
4,50.869594669505595,22.781674059221242,9.687514152618425,4,X,X,X,NONE,NONE,0.3996541363560803,0.5179642132451524,0.8826493246167364,0.9930105032376886
4,71.80153482779723,18.673254161038436,3.6161471043045585,4,X,X,X,NONE,NONE,0.26623316808505115,0.6412229841290642,1.0120080652886172,1.0178768610224578
4,56.846379192888904,15.62694472882314,5.827999787887899,4,X,X,X,NONE,NONE,0.6030907711796144,0.5548665151425681,0.9859941754560024,0.983715977369986
4,67.7088038400311,21.940537729352986,8.896810445957541,5,X,X,X,X,NONE,0.3450476517432009,0.4874844602503667,0.9340397503560085,1.0305252142667929
4,80.84246953270947,26.647499671770948,10.379396799817808,4,X,X,X,NONE,NONE,0.36204899243304967,0.5022043668549728,1.1456644697413507,0.9746703976120694
4,68.78772943254276,22.789759998463754,11.415830257928596,4,X,X,X,NONE,NONE,0.40073321804551815,0.8470981022135124,0.9550741904731057,0.9860813127237283
3,63.15180579563645,10.423015914517908,3.9067439352223623,4,X,X,X,NONE,NONE,0.41799846588676054,0.6926405107131323,0.9526882227038298,1.0141139295881392
3,60.68502731617974,8.841314134410798,5.385164483888153,5,X,X,X,X,NONE,0.12379928372335784,0.6654931651123287,0.9211534398627867,0.9724768896760909
3,76.44935496402525,23.825826871155932,7.748106505110553,4,X,X,X,NONE,NONE,0.5245670040001379,0.7368995382693342,0.8374709611867013,0.9887030934248574
4,54.70009099777532,17.688375246870564,12.092848653983209,4,X,X,X,NONE,NONE,0.5433192098311972,0.9617388384426329,1.0840104441347211,1.0081876913840848
4,59.60726245632133,20.016042010491095,8.375079139836005,5,X,X,X,X,NONE,0.1579444600658444,0.5204493083669262,0.7436208787358863,1.007646584131372
4,69.20691589673866,13.730294045719607,10.399334471269123,5,X,X,X,X,NONE,0.3182758369817607,0.4107065365076782,0.5659207486790142,0.98708284245352
4,53.084503177487605,20.257561956272866,9.192950433836074,5,X,X,X,X,NONE,0.12924460590932266,0.490653611164603,0.7600596245322064,0.9803043596530185
4,-8.2561938669598,16.273102497281712,9.770534480081864,3,X,X,NONE,NONE,NONE,0.6755515884236756,1.2699949120578782,0.9142703270645403,1.003041689851996
4,69.92827795698786,14.161841844855672,5.278879584818784,5,X,X,X,X,NONE,0.14305444110962734,0.680184981937516,0.8224566430530882,0.9794930965978952
4,58.486772453372424,22.73067772970107,10.088065807066375,4,X,X,NONE,NONE,NONE,0.42827373170372574,0.6548619757866292,0.9027939795993588,0.9803967787560565
4,57.82174117354057,20.24097638979108,7.291331800032616,5,X,X,X,NONE,NONE,0.2365286625731503,0.5279316023576605,0.8360293465461746,1.013595370504514
4,87.20235805666023,19.361308575656576,11.401776564265107,5,X,X,X,X,NONE,0.4527021088812102,0.5442450887572957,0.8369775381097058,1.0218419971602168
4,56.30410210723006,16.95201535591733,4.441416111667227,3,X,X,X,NONE,NONE,0.3248842606969855,0.75272682010507,1.157066209719335,1.0250398875953879
4,49.21133373279053,18.2780939406014,6.423504215578624,4,X,X,X,X,NONE,0.5457793194204837,0.7281879178466913,0.9668399648791891,0.9816322107595395
4,48.73859857002476,19.766522868034862,9.682981823618046,4,X,X,X,NONE,NONE,0.4473054052050447,0.6256196901760217,1.0931976125883636,1.0007966694609578
3,72.57321497040252,17.48838374962584,8.219768197146443,3,X,X,NONE,NONE,NONE,0.4935426343554811,0.7426805402210648,1.0680975591872117,1.0022106767122376
4,63.190811181235034,21.864442680865636,10.070491928133272,4,X,X,X,NONE,NONE,0.30221737912532826,0.8108440594772106,0.9769118520582767,1.0120338520153187
4,34.64013358544999,13.35891635517413,10.028573644627413,4,X,X,X,NONE,NONE,0.6081804895024139,0.767924445176222,1.020478259029614,1.0180830799123766
4,62.66018079966337,28.76442762866797,8.995788967975436,4,X,X,X,NONE,NONE,0.5193319530491909,0.5743272929328074,1.3358976028285325,0.9927357740936538
4,52.35698834814276,15.889893757802051,11.374736154162264,5,X,X,X,X,NONE,0.3745107537097269,0.6758478127125234,1.0051841889850461,0.9861989006914842
4,28.093999104660906,20.02289802993929,10.714436114208915,4,X,X,X,NONE,NONE,0.35159616003264854,0.6230780125912175,1.0554857028134137,1.0120276243444255
3,43.71713548424192,23.54612455103811,9.308428286987292,4,X,X,X,NONE,NONE,0.41735008321355843,0.5327849518366307,0.8749364892322612,0.9925924859539343
3,82.37540460289232,19.710264090039473,9.823014678912687,5,X,X,X,X,NONE,0.2851684147396602,0.4652211651874192,0.6993771311695174,0.9995469905144765
3,33.87525700679466,17.487754732749476,10.493927522012763,5,X,X,X,X,NONE,0.3128815089765809,0.7999536047874488,0.8003826825478815,1.0142308659157961
4,76.2684781500595,20.752554512734115,6.850040667749902,5,X,X,X,X,NONE,0.18514022096587052,0.49769234884558133,0.6443080525904444,0.9787864612537955
3,47.76222748429587,20.89186245907819,9.517776853540187,5,X,X,X,NONE,NONE,0.38987810541625867,0.9589259488255124,0.9299583124088802,0.995139813881112
4,63.43000634957925,21.111536255122168,5.83282117412032,5,X,X,X,X,NONE,0.2841183639414074,0.28306327895920896,0.7246177462369845,1.0031737877509728
3,55.351234808598434,24.890222662992194,14.637950208689373,3,X,X,X,NONE,NONE,0.41118864747038136,0.8548828932435386,1.20433382168591,1.0048949059061265
4,47.94814493836949,17.71222180548234,8.938406197202461,3,X,X,NONE,NONE,NONE,0.5642979880965848,0.9937702204269843,1.0858601919689663,1.0156551554929742
4,50.379539962592666,11.418040477216568,6.387754789086778,5,X,X,X,X,NONE,0.11400849057598408,0.5592188887489702,0.48736796724637416,1.003121803074239
3,67.75060779325398,17.844756178746156,11.547812756003822,4,X,X,X,NONE,NONE,0.4011430803228295,0.8107533487597484,1.0434424215618965,0.9923915878874954
3,48.42940840631141,21.75390209201898,6.427328463975226,4,X,X,X,NONE,NONE,0.4950568862853488,0.8150747992951382,0.9029681740551838,0.9988132206216945
4,52.408986168922134,15.760355583377013,10.947199627768855,5,X,X,X,X,NONE,0.20139032254749883,0.5735108959134194,0.9203156463247885,1.0068187214043784
